x_val,total_1,total_2
0,1000,1000
1,998,998
2,998,1001
3,999,997
4,994,996
5,995,997
6,1001,998
7,995,1003
8,996,1002
9,993,1005
10,991,1011
11,986,1007
12,982,1006
13,983,1010
14,988,1007
15,982,1005
16,976,1010
17,983,1016
18,983,1022
19,977,1025
20,983,1020
21,978,1016
22,973,1012
23,977,1009
24,981,1010
25,987,1016
26,995,1017
27,993,1012
28,989,1008
29,990,1014
30,988,1010
31,990,1006
32,994,1007
33,998,1011
34,992,1009
35,995,1006
36,996,1008
37,1002,1008
38,998,1010
39,1001,1005
40,1000,1010
41,1005,1016
42,1005,1021
43,1007,1020
44,1009,1017
45,1006,1014
46,1013,1019
47,1014,1024
48,1012,1022
49,1015,1023
50,1019,1024
51,1021,1025
52,1029,1029
53,1031,1031
54,1037,1026
55,1041,1026
56,1048,1029
57,1051,1034
58,1058,1029
59,1056,1031
60,1064,1028
61,1070,1032
62,1073,1034
63,1077,1037
64,1082,1039
65,1089,1038
66,1095,1037
67,1103,1037
68,1101,1035
69,1099,1032
70,1106,1028
71,1108,1030
72,1104,1034
73,1111,1034
74,1109,1033
75,1113,1034
76,1115,1040
77,1114,1040
78,1110,1036
79,1114,1033
80,1117,1033
81,1119,1030
82,1124,1031
83,1128,1037
84,1130,1042
85,1136,1046
86,1140,1052
87,1140,1047
88,1139,1044
89,1141,1040
90,1136,1044
91,1135,1042
92,1140,1037
93,1145,1037
94,1139,1039
95,1137,1039
96,1133,1035
97,1132,1034
98,1128,1039
99,1126,1044
100,1130,1041
101,1128,1039
102,1132,1039
103,1129,1035
104,1128,1040
105,1131,1045
106,1127,1044
107,1126,1049
108,1132,1049
109,1130,1045
110,1132,1045
111,1136,1041
112,1141,1041
113,1137,1047
114,1142,1043
115,1149,1044
116,1153,1040
117,1147,1042
118,1151,1048
119,1159,1053
120,1158,1053
121,1158,1055
122,1161,1052
123,1159,1056
124,1165,1058
125,1160,1054
126,1161,1049
127,1167,1048
128,1162,1050
129,1167,1046
130,1172,1048
131,1171,1051
132,1170,1047
133,1166,1051
134,1162,1047
135,1170,1049
136,1166,1053
137,1161,1049
138,1168,1053
139,1170,1056
140,1171,1062
141,1175,1065
142,1178,1062
143,1185,1058
144,1188,1055
145,1192,1054
146,1196,1059
147,1198,1065
148,1204,1063
149,1204,1063
150,1199,1058
151,1197,1053
152,1194,1056
153,1199,1057
154,1193,1060
155,1198,1056
156,1201,1061
157,1203,1059
158,1209,1062
159,1215,1064
160,1215,1066
161,1211,1064
162,1205,1064
163,1204,1065
164,1200,1069
165,1207,1075
166,1201,1070
167,1204,1070
168,1199,1065
169,1195,1063
170,1189,1058
171,1196,1060
172,1197,1066
173,1194,1062
174,1192,1065
175,1191,1070
176,1197,1076
177,1199,1074
178,1196,1074
179,1200,1075
180,1200,1079
181,1202,1075
182,1204,1074
183,1203,1074
184,1209,1076
185,1215,1079
186,1222,1082
187,1218,1084
188,1221,1080
189,1218,1076
190,1220,1078
191,1219,1080
192,1217,1084
193,1221,1088
194,1226,1087
195,1226,1086
196,1222,1081
197,1226,1083
198,1232,1080
199,1236,1075
200,1241,1072
201,1248,1073
202,1247,1074
203,1249,1078
204,1246,1083
205,1252,1087
206,1248,1087
207,1252,1088
208,1252,1091
209,1255,1088
210,1260,1094
211,1261,1092
212,1262,1088
213,1256,1087
214,1256,1087
215,1264,1084
216,1272,1083
217,1268,1085
218,1264,1080
219,1271,1083
220,1268,1078
221,1271,1074
222,1266,1069
223,1261,1067
224,1266,1073
225,1274,1073
226,1276,1078
227,1283,1077
228,1282,1074
229,1285,1071
230,1280,1077
231,1287,1076
232,1287,1079
233,1289,1084
234,1295,1079
235,1292,1076
236,1289,1080
237,1297,1081
